setup core,runtime core,frequency,coverage,event,count,time
0,0,300000,100%,raw-ase-spec,"84,118,377",174.376677
0,0,300000,100%,raw-br-immed-retired,"1,934,957,304",174.376677
0,0,300000,100%,raw-br-immed-spec,"1,934,957,304",174.376677
0,0,300000,100%,raw-br-indirect-spec,"8,703,494",174.376677
0,0,300000,100%,raw-br-mis-pred,"27,227,914",174.376677
0,0,300000,100%,raw-br-mis-pred-retired,"27,609,313",174.376677
0,0,300000,100%,raw-br-pred,"1,914,944,983",173.911577
0,0,300000,100%,raw-br-retired,"2,150,743,054",173.911577
0,0,300000,100%,raw-br-return-retired,"187,025,676",173.911577
0,0,300000,100%,raw-br-return-spec,"187,025,676",173.911577
0,0,300000,100%,raw-bus-access,"7,366,145,002",173.911577
0,0,300000,100%,raw-bus-access-normal,0,173.911577
0,0,300000,100%,raw-bus-access-not-shared,0,173.893207
0,0,300000,100%,raw-bus-access-periph,0,173.893207
0,0,300000,100%,raw-bus-access-rd,"3,545,662,124",173.893207
0,0,300000,100%,raw-bus-access-shared,0,173.893207
0,0,300000,100%,raw-bus-access-wr,"3,829,718,570",173.893207
0,0,300000,100%,raw-bus-cycles,"50,687,146,044",173.893207
0,0,300000,100%,raw-cid-write-retired,1,173.947748
0,0,300000,100%,raw-cnt-cycles,0,173.947748
0,0,300000,100%,raw-cpu-cycles,"50,717,421,785",173.947748
0,0,300000,100%,raw-crypto-spec,0,173.947748
0,0,300000,100%,raw-dmb-spec,0,173.947748
0,0,300000,100%,raw-dp-spec,"7,130,917,178",173.907553
0,0,300000,100%,raw-dsb-spec,0,173.907553
0,0,300000,100%,raw-dtlb-walk,"20,580,237",173.907553
0,0,300000,100%,raw-exc-dabort,0,173.907553
0,0,300000,100%,raw-exc-fiq,29,173.907553
0,0,300000,100%,raw-exc-hvc,0,173.907553
0,0,300000,100%,raw-exc-irq,"84,761",173.670953
0,0,300000,100%,raw-exc-pabort,0,173.670953
0,0,300000,100%,raw-exc-return,"317,934",173.670953
0,0,300000,100%,raw-exc-smc,0,173.670953
0,0,300000,100%,raw-exc-svc,0,173.670953
0,0,300000,100%,raw-exc-taken,"317,962",173.670953
0,0,300000,100%,raw-exc-trap-dabort,0,173.882749
0,0,300000,100%,raw-exc-trap-fiq,0,173.882749
0,0,300000,100%,raw-exc-trap-irq,0,173.882749
0,0,300000,100%,raw-exc-trap-other,0,173.882749
0,0,300000,100%,raw-exc-trap-pabort,0,173.882749
0,0,300000,100%,raw-exc-undef,0,173.882749
0,0,300000,100%,raw-inst-retired,"27,137,707,229",173.524801
0,0,300000,100%,raw-inst-spec,"27,226,134,707",173.524801
0,0,300000,100%,raw-isb-spec,0,173.524801
0,0,300000,100%,raw-itlb-walk,"724,857",173.524801
0,0,300000,100%,raw-l1d-cache,"8,761,495,368",173.524801
0,0,300000,100%,raw-l1d-cache-allocate,0,173.524801
0,0,300000,100%,raw-l1d-cache-inval,0,173.599506
0,0,300000,100%,raw-l1d-cache-lmiss-rd,0,173.599506
0,0,300000,100%,raw-l1d-cache-rd,"8,270,822,098",173.599506
0,0,300000,100%,raw-l1d-cache-refill,"464,843,446",173.599506
0,0,300000,100%,raw-l1d-cache-refill-inner,"115,235,662",173.599506
0,0,300000,100%,raw-l1d-cache-refill-outer,"387,695,040",173.599506
0,0,300000,100%,raw-l1d-cache-refill-rd,"402,995,116",173.538280
0,0,300000,100%,raw-l1d-cache-refill-wr,"61,933,064",173.538280
0,0,300000,100%,raw-l1d-cache-wb,"909,411,553",173.538280
0,0,300000,100%,raw-l1d-cache-wb-clean,0,173.538280
0,0,300000,100%,raw-l1d-cache-wb-victim,0,173.538280
0,0,300000,100%,raw-l1d-cache-wr,"502,423,416",173.538280
0,0,300000,100%,raw-l1d-tlb,"8,815,512,592",173.726207
0,0,300000,100%,raw-l1d-tlb-rd,0,173.726207
0,0,300000,100%,raw-l1d-tlb-refill,"97,052,864",173.726207
0,0,300000,100%,raw-l1d-tlb-refill-rd,0,173.726207
0,0,300000,100%,raw-l1d-tlb-refill-wr,0,173.726207
0,0,300000,100%,raw-l1d-tlb-wr,0,173.726207
0,0,300000,100%,raw-l1i-cache,"14,710,474,804",173.569077
0,0,300000,100%,raw-l1i-cache-lmiss,0,173.569077
0,0,300000,100%,raw-l1i-cache-refill,"38,831,172",173.569077
0,0,300000,100%,raw-l1i-tlb,"15,768,971,176",173.569077
0,0,300000,100%,raw-l1i-tlb-refill,"1,968,059",173.569077
0,0,300000,100%,raw-l2d-cache,"1,947,591,179",173.569077
0,0,300000,100%,raw-l2d-cache-allocate,"934,628,029",174.186980
0,0,300000,100%,raw-l2d-cache-inval,0,174.186980
0,0,300000,100%,raw-l2d-cache-lmiss-rd,0,174.186980
0,0,300000,100%,raw-l2d-cache-rd,"975,319,506",174.186980
0,0,300000,100%,raw-l2d-cache-refill,"889,610,585",174.186980
0,0,300000,100%,raw-l2d-cache-refill-rd,"887,501,778",174.186980
0,0,300000,100%,raw-l2d-cache-refill-wr,"2,088,853",173.594107
0,0,300000,100%,raw-l2d-cache-wb,"914,088,217",173.594107
0,0,300000,100%,raw-l2d-cache-wb-clean,0,173.594107
0,0,300000,100%,raw-l2d-cache-wb-victim,0,173.594107
0,0,300000,100%,raw-l2d-cache-wr,"977,017,568",173.594107
0,0,300000,100%,raw-l2d-tlb,"129,132,843",173.594107
0,0,300000,100%,raw-l2d-tlb-rd,0,173.637786
0,0,300000,100%,raw-l2d-tlb-refill,"20,720,791",173.637786
0,0,300000,100%,raw-l2d-tlb-refill-rd,0,173.637786
0,0,300000,100%,raw-l2d-tlb-refill-wr,0,173.637786
0,0,300000,100%,raw-l2d-tlb-wr,0,173.637786
0,0,300000,100%,raw-l2i-cache,0,173.637786
0,0,300000,100%,raw-l2i-cache-lmiss,0,173.584598
0,0,300000,100%,raw-l2i-cache-refill,0,173.584598
0,0,300000,100%,raw-l2i-tlb,0,173.584598
0,0,300000,100%,raw-l2i-tlb-refill,0,173.584598
0,0,300000,100%,raw-l3d-cache,"1,822,403,102",173.584598
0,0,300000,100%,raw-l3d-cache-allocate,"936,327,029",173.584598
0,0,300000,100%,raw-l3d-cache-inval,0,173.835280
0,0,300000,100%,raw-l3d-cache-lmiss-rd,0,173.835280
0,0,300000,100%,raw-l3d-cache-rd,"888,354,125",173.835280
0,0,300000,100%,raw-l3d-cache-refill,"620,669,568",173.835280
0,0,300000,100%,raw-l3d-cache-refill-rd,"620,669,568",173.835280
0,0,300000,100%,raw-l3d-cache-refill-wr,0,173.835280
0,0,300000,100%,raw-l3d-cache-wb,0,173.744675
0,0,300000,100%,raw-l3d-cache-wb-clean,0,173.744675
0,0,300000,100%,raw-l3d-cache-wb-victim,0,173.744675
0,0,300000,100%,raw-l3d-cache-wr,0,173.744675
0,0,300000,100%,raw-ld-retired,"8,150,485,307",173.744675
0,0,300000,100%,raw-ld-spec,"8,169,508,490",173.744675
0,0,300000,100%,raw-ldrex-spec,0,173.641713
0,0,300000,100%,raw-ldst-spec,"11,166,391,366",173.641713
0,0,300000,100%,raw-ll-cache,0,173.641713
0,0,300000,100%,raw-ll-cache-miss,0,173.641713
0,0,300000,100%,raw-ll-cache-miss-rd,"618,741,916",173.641713
0,0,300000,100%,raw-ll-cache-rd,"887,045,721",173.641713
0,0,300000,100%,raw-mem-access,"11,384,168,916",173.784893
0,0,300000,100%,raw-mem-access-rd,"8,262,964,651",173.784893
0,0,300000,100%,raw-mem-access-wr,"3,121,204,265",173.784893
0,0,300000,100%,raw-memory-error,0,173.784893
0,0,300000,100%,raw-op-retired,0,173.784893
0,0,300000,100%,raw-op-spec,0,173.784893
0,0,300000,100%,raw-pc-write-retired,"1,621,090,065",173.762206
0,0,300000,100%,raw-pc-write-spec,"2,169,132,545",173.762206
0,0,300000,100%,raw-rc-ld-spec,0,173.762206
0,0,300000,100%,raw-rc-st-spec,0,173.762206
0,0,300000,100%,raw-remote-access,0,173.762206
0,0,300000,100%,raw-remote-access-rd,0,173.762206
0,0,300000,100%,raw-sample-collision,0,173.555924
0,0,300000,100%,raw-sample-feed,0,173.555924
0,0,300000,100%,raw-sample-filtrate,0,173.555924
0,0,300000,100%,raw-sample-pop,0,173.555924
0,0,300000,100%,raw-st-retired,"2,936,849,505",173.555924
0,0,300000,100%,raw-st-spec,"2,994,971,669",173.555924
0,0,300000,100%,raw-stall,0,173.597957
0,0,300000,100%,raw-stall-backend,"30,748,050,908",173.597957
0,0,300000,100%,raw-stall-backend-mem,0,173.597957
0,0,300000,100%,raw-stall-frontend,"877,291,550",173.597957
0,0,300000,100%,raw-stall-slot,0,173.597957
0,0,300000,100%,raw-stall-slot-backend,0,173.597957
0,0,300000,100%,raw-stall-slot-frontend,0,173.852829
0,0,300000,100%,raw-strex-fail-spec,0,173.852829
0,0,300000,100%,raw-strex-pass-spec,0,173.852829
0,0,300000,100%,raw-strex-spec,0,173.852829
0,0,300000,100%,raw-sve-inst-retired,0,173.852829
0,0,300000,100%,raw-sve-inst-spec,0,173.852829
0,0,300000,100%,raw-sw-incr,0,173.984871
0,0,300000,100%,raw-ttbr-write-retired,6,173.984871
0,0,300000,100%,raw-unaligned-ld-spec,0,173.984871
0,0,300000,100%,raw-unaligned-ldst-retired,"45,328,006",173.984871
0,0,300000,100%,raw-unaligned-ldst-spec,0,173.984871
0,0,300000,100%,raw-unaligned-st-spec,0,173.984871
0,0,300000,100%,raw-vfp-spec,"6,803,981,967",172.876181
0,0,1248000,100%,raw-ase-spec,"84,071,887",71.241095
0,0,1248000,100%,raw-br-immed-retired,"1,873,400,952",71.241095
0,0,1248000,100%,raw-br-immed-spec,"1,873,400,952",71.241095
0,0,1248000,100%,raw-br-indirect-spec,"2,846,459",71.241095
0,0,1248000,100%,raw-br-mis-pred,"13,536,828",71.241095
0,0,1248000,100%,raw-br-mis-pred-retired,"13,848,600",71.241095
0,0,1248000,100%,raw-br-pred,"1,854,787,984",71.170239
0,0,1248000,100%,raw-br-retired,"2,078,893,805",71.170239
0,0,1248000,100%,raw-br-return-retired,"182,037,789",71.170239
0,0,1248000,100%,raw-br-return-spec,"182,037,789",71.170239
0,0,1248000,100%,raw-bus-access,"6,978,998,799",71.170239
0,0,1248000,100%,raw-bus-access-normal,0,71.170239
0,0,1248000,100%,raw-bus-access-not-shared,0,71.050957
0,0,1248000,100%,raw-bus-access-periph,0,71.050957
0,0,1248000,100%,raw-bus-access-rd,"3,359,594,086",71.050957
0,0,1248000,100%,raw-bus-access-shared,0,71.050957
0,0,1248000,100%,raw-bus-access-wr,"3,620,061,091",71.050957
0,0,1248000,100%,raw-bus-cycles,"87,993,194,382",71.050957
0,0,1248000,100%,raw-cid-write-retired,1,71.897591
0,0,1248000,100%,raw-cnt-cycles,0,71.897591
0,0,1248000,100%,raw-cpu-cycles,"89,069,600,754",71.897591
0,0,1248000,100%,raw-crypto-spec,0,71.897591
0,0,1248000,100%,raw-dmb-spec,0,71.897591
0,0,1248000,100%,raw-dp-spec,"6,915,778,009",71.211529
0,0,1248000,100%,raw-dsb-spec,0,71.211529
0,0,1248000,100%,raw-dtlb-walk,"18,325,721",71.211529
0,0,1248000,100%,raw-exc-dabort,0,71.211529
0,0,1248000,100%,raw-exc-fiq,12,71.211529
0,0,1248000,100%,raw-exc-hvc,0,71.211529
0,0,1248000,100%,raw-exc-irq,"32,730",71.676207
0,0,1248000,100%,raw-exc-pabort,0,71.676207
0,0,1248000,100%,raw-exc-return,"265,902",71.676207
0,0,1248000,100%,raw-exc-smc,0,71.676207
0,0,1248000,100%,raw-exc-svc,0,71.676207
0,0,1248000,100%,raw-exc-taken,"265,914",71.676207
0,0,1248000,100%,raw-exc-trap-dabort,0,70.810983
0,0,1248000,100%,raw-exc-trap-fiq,0,70.810983
0,0,1248000,100%,raw-exc-trap-irq,0,70.810983
0,0,1248000,100%,raw-exc-trap-other,0,70.810983
0,0,1248000,100%,raw-exc-trap-pabort,0,70.810983
0,0,1248000,100%,raw-exc-undef,0,70.810983
0,0,1248000,100%,raw-inst-retired,"26,716,609,140",71.455676
0,0,1248000,100%,raw-inst-spec,"26,766,005,461",71.455676
0,0,1248000,100%,raw-isb-spec,0,71.455676
0,0,1248000,100%,raw-itlb-walk,"456,556",71.455676
0,0,1248000,100%,raw-l1d-cache,"8,682,014,610",71.455676
0,0,1248000,100%,raw-l1d-cache-allocate,0,71.455676
0,0,1248000,100%,raw-l1d-cache-inval,0,71.630962
0,0,1248000,100%,raw-l1d-cache-lmiss-rd,0,71.630962
0,0,1248000,100%,raw-l1d-cache-rd,"8,148,179,052",71.630962
0,0,1248000,100%,raw-l1d-cache-refill,"436,492,952",71.630962
0,0,1248000,100%,raw-l1d-cache-refill-inner,"93,954,310",71.630962
0,0,1248000,100%,raw-l1d-cache-refill-outer,"385,773,145",71.630962
0,0,1248000,100%,raw-l1d-cache-refill-rd,"378,938,911",71.234540
0,0,1248000,100%,raw-l1d-cache-refill-wr,"54,158,328",71.234540
0,0,1248000,100%,raw-l1d-cache-wb,"881,287,187",71.234540
0,0,1248000,100%,raw-l1d-cache-wb-clean,0,71.234540
0,0,1248000,100%,raw-l1d-cache-wb-victim,0,71.234540
0,0,1248000,100%,raw-l1d-cache-wr,"527,638,535",71.234540
0,0,1248000,100%,raw-l1d-tlb,"8,677,555,699",71.147486
0,0,1248000,100%,raw-l1d-tlb-rd,0,71.147486
0,0,1248000,100%,raw-l1d-tlb-refill,"86,246,062",71.147486
0,0,1248000,100%,raw-l1d-tlb-refill-rd,0,71.147486
0,0,1248000,100%,raw-l1d-tlb-refill-wr,0,71.147486
0,0,1248000,100%,raw-l1d-tlb-wr,0,71.147486
0,0,1248000,100%,raw-l1i-cache,"14,346,681,576",71.614431
0,0,1248000,100%,raw-l1i-cache-lmiss,0,71.614431
0,0,1248000,100%,raw-l1i-cache-refill,"17,735,123",71.614431
0,0,1248000,100%,raw-l1i-tlb,"15,682,878,512",71.614431
0,0,1248000,100%,raw-l1i-tlb-refill,"1,078,981",71.614431
0,0,1248000,100%,raw-l2d-cache,"1,866,947,301",71.614431
0,0,1248000,100%,raw-l2d-cache-allocate,"909,666,664",71.136852
0,0,1248000,100%,raw-l2d-cache-inval,0,71.136852
0,0,1248000,100%,raw-l2d-cache-lmiss-rd,0,71.136852
0,0,1248000,100%,raw-l2d-cache-rd,"910,229,778",71.136852
0,0,1248000,100%,raw-l2d-cache-refill,"840,358,373",71.136852
0,0,1248000,100%,raw-l2d-cache-refill-rd,"837,283,220",71.136852
0,0,1248000,100%,raw-l2d-cache-refill-wr,"3,079,325",71.121049
0,0,1248000,100%,raw-l2d-cache-wb,"861,356,667",71.121049
0,0,1248000,100%,raw-l2d-cache-wb-clean,0,71.121049
0,0,1248000,100%,raw-l2d-cache-wb-victim,0,71.121049
0,0,1248000,100%,raw-l2d-cache-wr,"955,769,091",71.121049
0,0,1248000,100%,raw-l2d-tlb,"114,722,051",71.121049
0,0,1248000,100%,raw-l2d-tlb-rd,0,71.297825
0,0,1248000,100%,raw-l2d-tlb-refill,"19,176,427",71.297825
0,0,1248000,100%,raw-l2d-tlb-refill-rd,0,71.297825
0,0,1248000,100%,raw-l2d-tlb-refill-wr,0,71.297825
0,0,1248000,100%,raw-l2d-tlb-wr,0,71.297825
0,0,1248000,100%,raw-l2i-cache,0,71.297825
0,0,1248000,100%,raw-l2i-cache-lmiss,0,71.430668
0,0,1248000,100%,raw-l2i-cache-refill,0,71.430668
0,0,1248000,100%,raw-l2i-tlb,0,71.430668
0,0,1248000,100%,raw-l2i-tlb-refill,0,71.430668
0,0,1248000,100%,raw-l3d-cache,"1,738,899,979",71.430668
0,0,1248000,100%,raw-l3d-cache-allocate,"897,136,023",71.430668
0,0,1248000,100%,raw-l3d-cache-inval,0,71.268347
0,0,1248000,100%,raw-l3d-cache-lmiss-rd,0,71.268347
0,0,1248000,100%,raw-l3d-cache-rd,"841,971,540",71.268347
0,0,1248000,100%,raw-l3d-cache-refill,"608,524,427",71.268347
0,0,1248000,100%,raw-l3d-cache-refill-rd,"608,524,427",71.268347
0,0,1248000,100%,raw-l3d-cache-refill-wr,0,71.268347
0,0,1248000,100%,raw-l3d-cache-wb,0,72.035886
0,0,1248000,100%,raw-l3d-cache-wb-clean,0,72.035886
0,0,1248000,100%,raw-l3d-cache-wb-victim,0,72.035886
0,0,1248000,100%,raw-l3d-cache-wr,0,72.035886
0,0,1248000,100%,raw-ld-retired,"8,046,762,076",72.035886
0,0,1248000,100%,raw-ld-spec,"8,055,055,433",72.035886
0,0,1248000,100%,raw-ldrex-spec,0,70.986468
0,0,1248000,100%,raw-ldst-spec,"11,001,559,573",70.986468
0,0,1248000,100%,raw-ll-cache,0,70.986468
0,0,1248000,100%,raw-ll-cache-miss,0,70.986468
0,0,1248000,100%,raw-ll-cache-miss-rd,"605,870,563",70.986468
0,0,1248000,100%,raw-ll-cache-rd,"841,514,367",70.986468
0,0,1248000,100%,raw-mem-access,"11,223,315,875",71.210760
0,0,1248000,100%,raw-mem-access-rd,"8,144,772,389",71.210760
0,0,1248000,100%,raw-mem-access-wr,"3,078,543,486",71.210760
0,0,1248000,100%,raw-memory-error,0,71.210760
0,0,1248000,100%,raw-op-retired,0,71.210760
0,0,1248000,100%,raw-op-spec,0,71.210760
0,0,1248000,100%,raw-pc-write-retired,"1,580,552,076",71.262098
0,0,1248000,100%,raw-pc-write-spec,"2,090,121,447",71.262098
0,0,1248000,100%,raw-rc-ld-spec,0,71.262098
0,0,1248000,100%,raw-rc-st-spec,0,71.262098
0,0,1248000,100%,raw-remote-access,0,71.262098
0,0,1248000,100%,raw-remote-access-rd,0,71.262098
0,0,1248000,100%,raw-sample-collision,0,70.905536
0,0,1248000,100%,raw-sample-feed,0,70.905536
0,0,1248000,100%,raw-sample-filtrate,0,70.905536
0,0,1248000,100%,raw-sample-pop,0,70.905536
0,0,1248000,100%,raw-st-retired,"2,892,424,519",70.905536
0,0,1248000,100%,raw-st-spec,"2,944,589,681",70.905536
0,0,1248000,100%,raw-stall,0,71.201495
0,0,1248000,100%,raw-stall-backend,"68,472,889,725",71.201495
0,0,1248000,100%,raw-stall-backend-mem,0,71.201495
0,0,1248000,100%,raw-stall-frontend,"1,069,832,300",71.201495
0,0,1248000,100%,raw-stall-slot,0,71.201495
0,0,1248000,100%,raw-stall-slot-backend,0,71.201495
0,0,1248000,100%,raw-stall-slot-frontend,0,71.035771
0,0,1248000,100%,raw-strex-fail-spec,0,71.035771
0,0,1248000,100%,raw-strex-pass-spec,0,71.035771
0,0,1248000,100%,raw-strex-spec,0,71.035771
0,0,1248000,100%,raw-sve-inst-retired,0,71.035771
0,0,1248000,100%,raw-sve-inst-spec,0,71.035771
0,0,1248000,100%,raw-sw-incr,0,71.118662
0,0,1248000,100%,raw-ttbr-write-retired,6,71.118662
0,0,1248000,100%,raw-unaligned-ld-spec,0,71.118662
0,0,1248000,100%,raw-unaligned-ldst-retired,"45,427,110",71.118662
0,0,1248000,100%,raw-unaligned-ldst-spec,0,71.118662
0,0,1248000,100%,raw-unaligned-st-spec,0,71.118662
0,0,1248000,100%,raw-vfp-spec,"6,803,862,716",71.071483
0,0,1804800,100%,raw-ase-spec,"84,069,705",60.902257
0,0,1804800,100%,raw-br-immed-retired,"1,866,692,626",60.902257
0,0,1804800,100%,raw-br-immed-spec,"1,866,692,626",60.902257
0,0,1804800,100%,raw-br-indirect-spec,"2,341,009",60.902257
0,0,1804800,100%,raw-br-mis-pred,"12,502,692",60.902257
0,0,1804800,100%,raw-br-mis-pred-retired,"12,803,811",60.902257
0,0,1804800,100%,raw-br-pred,"1,850,654,593",60.981241
0,0,1804800,100%,raw-br-retired,"2,073,430,235",60.981241
0,0,1804800,100%,raw-br-return-retired,"181,730,108",60.981241
0,0,1804800,100%,raw-br-return-spec,"181,730,108",60.981241
0,0,1804800,100%,raw-bus-access,"6,958,168,209",60.981241
0,0,1804800,100%,raw-bus-access-normal,0,60.981241
0,0,1804800,100%,raw-bus-access-not-shared,0,60.850944
0,0,1804800,100%,raw-bus-access-periph,0,60.850944
0,0,1804800,100%,raw-bus-access-rd,"3,342,642,558",60.850944
0,0,1804800,100%,raw-bus-access-shared,0,60.850944
0,0,1804800,100%,raw-bus-access-wr,"3,599,302,608",60.850944
0,0,1804800,100%,raw-bus-cycles,"109,172,211,828",60.850944
0,0,1804800,100%,raw-cid-write-retired,1,61.682140
0,0,1804800,100%,raw-cnt-cycles,0,61.682140
0,0,1804800,100%,raw-cpu-cycles,"110,772,802,806",61.682140
0,0,1804800,100%,raw-crypto-spec,0,61.682140
0,0,1804800,100%,raw-dmb-spec,0,61.682140
0,0,1804800,100%,raw-dp-spec,"6,894,014,630",61.508536
0,0,1804800,100%,raw-dsb-spec,0,61.508536
0,0,1804800,100%,raw-dtlb-walk,"18,127,155",61.508536
0,0,1804800,100%,raw-exc-dabort,0,61.508536
0,0,1804800,100%,raw-exc-fiq,10,61.508536
0,0,1804800,100%,raw-exc-hvc,0,61.508536
0,0,1804800,100%,raw-exc-irq,"26,945",61.333945
0,0,1804800,100%,raw-exc-pabort,0,61.333945
0,0,1804800,100%,raw-exc-return,"260,113",61.333945
0,0,1804800,100%,raw-exc-smc,0,61.333945
0,0,1804800,100%,raw-exc-svc,0,61.333945
0,0,1804800,100%,raw-exc-taken,"260,123",61.333945
0,0,1804800,100%,raw-exc-trap-dabort,0,61.956830
0,0,1804800,100%,raw-exc-trap-fiq,0,61.956830
0,0,1804800,100%,raw-exc-trap-irq,0,61.956830
0,0,1804800,100%,raw-exc-trap-other,0,61.956830
0,0,1804800,100%,raw-exc-trap-pabort,0,61.956830
0,0,1804800,100%,raw-exc-undef,0,61.956830
0,0,1804800,100%,raw-inst-retired,"26,659,200,645",61.812490
0,0,1804800,100%,raw-inst-spec,"26,703,550,495",61.812490
0,0,1804800,100%,raw-isb-spec,0,61.812490
0,0,1804800,100%,raw-itlb-walk,"439,211",61.812490
0,0,1804800,100%,raw-l1d-cache,"8,617,051,195",61.812490
0,0,1804800,100%,raw-l1d-cache-allocate,0,61.812490
0,0,1804800,100%,raw-l1d-cache-inval,0,61.269183
0,0,1804800,100%,raw-l1d-cache-lmiss-rd,0,61.269183
0,0,1804800,100%,raw-l1d-cache-rd,"8,133,725,261",61.269183
0,0,1804800,100%,raw-l1d-cache-refill,"431,478,793",61.269183
0,0,1804800,100%,raw-l1d-cache-refill-inner,"94,269,852",61.269183
0,0,1804800,100%,raw-l1d-cache-refill-outer,"382,797,127",61.269183
0,0,1804800,100%,raw-l1d-cache-refill-rd,"373,374,806",60.726024
0,0,1804800,100%,raw-l1d-cache-refill-wr,"55,905,265",60.726024
0,0,1804800,100%,raw-l1d-cache-wb,"879,772,338",60.726024
0,0,1804800,100%,raw-l1d-cache-wb-clean,0,60.726024
0,0,1804800,100%,raw-l1d-cache-wb-victim,0,60.726024
0,0,1804800,100%,raw-l1d-cache-wr,"483,301,419",60.726024
0,0,1804800,100%,raw-l1d-tlb,"8,617,896,952",60.867426
0,0,1804800,100%,raw-l1d-tlb-rd,0,60.867426
0,0,1804800,100%,raw-l1d-tlb-refill,"84,793,611",60.867426
0,0,1804800,100%,raw-l1d-tlb-refill-rd,0,60.867426
0,0,1804800,100%,raw-l1d-tlb-refill-wr,0,60.867426
0,0,1804800,100%,raw-l1d-tlb-wr,0,60.867426
0,0,1804800,100%,raw-l1i-cache,"14,295,574,701",60.814436
0,0,1804800,100%,raw-l1i-cache-lmiss,0,60.814436
0,0,1804800,100%,raw-l1i-cache-refill,"15,038,495",60.814436
0,0,1804800,100%,raw-l1i-tlb,"15,796,804,710",60.814436
0,0,1804800,100%,raw-l1i-tlb-refill,"947,244",60.814436
0,0,1804800,100%,raw-l2d-cache,"1,855,880,533",60.814436
0,0,1804800,100%,raw-l2d-cache-allocate,"908,098,725",61.092518
0,0,1804800,100%,raw-l2d-cache-inval,0,61.092518
0,0,1804800,100%,raw-l2d-cache-lmiss-rd,0,61.092518
0,0,1804800,100%,raw-l2d-cache-rd,"903,962,052",61.092518
0,0,1804800,100%,raw-l2d-cache-refill,"835,413,239",61.092518
0,0,1804800,100%,raw-l2d-cache-refill-rd,"832,028,672",61.092518
0,0,1804800,100%,raw-l2d-cache-refill-wr,"3,402,207",61.495087
0,0,1804800,100%,raw-l2d-cache-wb,"857,449,746",61.495087
0,0,1804800,100%,raw-l2d-cache-wb-clean,0,61.495087
0,0,1804800,100%,raw-l2d-cache-wb-victim,0,61.495087
0,0,1804800,100%,raw-l2d-cache-wr,"954,942,539",61.495087
0,0,1804800,100%,raw-l2d-tlb,"113,350,458",61.495087
0,0,1804800,100%,raw-l2d-tlb-rd,0,61.310965
0,0,1804800,100%,raw-l2d-tlb-refill,"18,587,817",61.310965
0,0,1804800,100%,raw-l2d-tlb-refill-rd,0,61.310965
0,0,1804800,100%,raw-l2d-tlb-refill-wr,0,61.310965
0,0,1804800,100%,raw-l2d-tlb-wr,0,61.310965
0,0,1804800,100%,raw-l2i-cache,0,61.310965
0,0,1804800,100%,raw-l2i-cache-lmiss,0,61.531289
0,0,1804800,100%,raw-l2i-cache-refill,0,61.531289
0,0,1804800,100%,raw-l2i-tlb,0,61.531289
0,0,1804800,100%,raw-l2i-tlb-refill,0,61.531289
0,0,1804800,100%,raw-l3d-cache,"1,731,606,694",61.531289
0,0,1804800,100%,raw-l3d-cache-allocate,"894,792,490",61.531289
0,0,1804800,100%,raw-l3d-cache-inval,0,60.863011
0,0,1804800,100%,raw-l3d-cache-lmiss-rd,0,60.863011
0,0,1804800,100%,raw-l3d-cache-rd,"834,436,610",60.863011
0,0,1804800,100%,raw-l3d-cache-refill,"600,896,908",60.863011
0,0,1804800,100%,raw-l3d-cache-refill-rd,"600,896,908",60.863011
0,0,1804800,100%,raw-l3d-cache-refill-wr,0,60.863011
0,0,1804800,100%,raw-l3d-cache-wb,0,60.592450
0,0,1804800,100%,raw-l3d-cache-wb-clean,0,60.592450
0,0,1804800,100%,raw-l3d-cache-wb-victim,0,60.592450
0,0,1804800,100%,raw-l3d-cache-wr,0,60.592450
0,0,1804800,100%,raw-ld-retired,"8,035,146,126",60.592450
0,0,1804800,100%,raw-ld-spec,"8,042,370,026",60.592450
0,0,1804800,100%,raw-ldrex-spec,0,60.680135
0,0,1804800,100%,raw-ldst-spec,"10,983,139,148",60.680135
0,0,1804800,100%,raw-ll-cache,0,60.680135
0,0,1804800,100%,raw-ll-cache-miss,0,60.680135
0,0,1804800,100%,raw-ll-cache-miss-rd,"601,773,910",60.680135
0,0,1804800,100%,raw-ll-cache-rd,"835,562,017",60.680135
0,0,1804800,100%,raw-mem-access,"11,202,002,927",60.816798
0,0,1804800,100%,raw-mem-access-rd,"8,128,747,090",60.816798
0,0,1804800,100%,raw-mem-access-wr,"3,073,255,837",60.816798
0,0,1804800,100%,raw-memory-error,0,60.816798
0,0,1804800,100%,raw-op-retired,0,60.816798
0,0,1804800,100%,raw-op-spec,0,60.816798
0,0,1804800,100%,raw-pc-write-retired,"1,576,054,076",61.260702
0,0,1804800,100%,raw-pc-write-spec,"2,080,790,732",61.260702
0,0,1804800,100%,raw-rc-ld-spec,0,61.260702
0,0,1804800,100%,raw-rc-st-spec,0,61.260702
0,0,1804800,100%,raw-remote-access,0,61.260702
0,0,1804800,100%,raw-remote-access-rd,0,61.260702
0,0,1804800,100%,raw-sample-collision,0,61.333546
0,0,1804800,100%,raw-sample-feed,0,61.333546
0,0,1804800,100%,raw-sample-filtrate,0,61.333546
0,0,1804800,100%,raw-sample-pop,0,61.333546
0,0,1804800,100%,raw-st-retired,"2,888,214,774",61.333546
0,0,1804800,100%,raw-st-spec,"2,939,716,352",61.333546
0,0,1804800,100%,raw-stall,0,60.891436
0,0,1804800,100%,raw-stall-backend,"89,345,614,970",60.891436
0,0,1804800,100%,raw-stall-backend-mem,0,60.891436
0,0,1804800,100%,raw-stall-frontend,"1,307,342,216",60.891436
0,0,1804800,100%,raw-stall-slot,0,60.891436
0,0,1804800,100%,raw-stall-slot-backend,0,60.891436
0,0,1804800,100%,raw-stall-slot-frontend,0,61.355529
0,0,1804800,100%,raw-strex-fail-spec,0,61.355529
0,0,1804800,100%,raw-strex-pass-spec,0,61.355529
0,0,1804800,100%,raw-strex-spec,0,61.355529
0,0,1804800,100%,raw-sve-inst-retired,0,61.355529
0,0,1804800,100%,raw-sve-inst-spec,0,61.355529
0,0,1804800,100%,raw-sw-incr,0,61.032104
0,0,1804800,100%,raw-ttbr-write-retired,6,61.032104
0,0,1804800,100%,raw-unaligned-ld-spec,0,61.032104
0,0,1804800,100%,raw-unaligned-ldst-retired,"45,296,762",61.032104
0,0,1804800,100%,raw-unaligned-ldst-spec,0,61.032104
0,0,1804800,100%,raw-unaligned-st-spec,0,61.032104
0,0,1804800,100%,raw-vfp-spec,"6,803,849,704",60.677711
6,6,300000,100%,raw-ase-spec,"451,512",38.038645
6,6,300000,100%,raw-br-immed-retired,0,38.038645
6,6,300000,100%,raw-br-immed-spec,"1,854,216,587",38.038645
6,6,300000,100%,raw-br-indirect-spec,"203,904,684",38.038645
6,6,300000,100%,raw-br-mis-pred,"1,409,534",38.038645
6,6,300000,100%,raw-br-mis-pred-retired,"1,551,032",38.038645
6,6,300000,100%,raw-br-pred,"2,058,892,036",38.084629
6,6,300000,100%,raw-br-retired,"2,052,574,544",38.084629
6,6,300000,100%,raw-br-return-retired,0,38.084629
6,6,300000,100%,raw-br-return-spec,"202,413,146",38.084629
6,6,300000,100%,raw-bus-access,"9,419,189,048",38.084629
6,6,300000,100%,raw-bus-access-normal,0,38.084629
6,6,300000,100%,raw-bus-access-not-shared,0,37.897310
6,6,300000,100%,raw-bus-access-periph,0,37.897310
6,6,300000,100%,raw-bus-access-rd,"4,576,765,034",37.897310
6,6,300000,100%,raw-bus-access-shared,0,37.897310
6,6,300000,100%,raw-bus-access-wr,"4,827,610,359",37.897310
6,6,300000,100%,raw-bus-cycles,"11,352,775,053",37.897310
6,6,300000,100%,raw-cid-write-retired,1,37.858581
6,6,300000,100%,raw-cnt-cycles,0,37.858581
6,6,300000,100%,raw-cpu-cycles,"11,340,876,044",37.858581
6,6,300000,100%,raw-crypto-spec,0,37.858581
6,6,300000,100%,raw-dmb-spec,"862,110",37.858581
6,6,300000,100%,raw-dp-spec,"6,874,192,706",38.154932
6,6,300000,100%,raw-dsb-spec,"104,217",38.154932
6,6,300000,100%,raw-dtlb-walk,"4,893,252",38.154932
6,6,300000,100%,raw-exc-dabort,"225,871",38.154932
6,6,300000,100%,raw-exc-fiq,0,38.154932
6,6,300000,100%,raw-exc-hvc,0,38.154932
6,6,300000,100%,raw-exc-irq,"15,234",38.049475
6,6,300000,100%,raw-exc-pabort,51,38.049475
6,6,300000,100%,raw-exc-return,"248,400",38.049475
6,6,300000,100%,raw-exc-smc,0,38.049475
6,6,300000,100%,raw-exc-svc,"7,242",38.049475
6,6,300000,100%,raw-exc-taken,"248,406",38.049475
6,6,300000,100%,raw-exc-trap-dabort,0,38.024308
6,6,300000,100%,raw-exc-trap-fiq,4,38.024308
6,6,300000,100%,raw-exc-trap-irq,0,38.024308
6,6,300000,100%,raw-exc-trap-other,2,38.024308
6,6,300000,100%,raw-exc-trap-pabort,0,38.024308
6,6,300000,100%,raw-exc-undef,23,38.024308
6,6,300000,100%,raw-inst-retired,"26,562,793,630",37.982925
6,6,300000,100%,raw-inst-spec,"26,649,567,243",37.982925
6,6,300000,100%,raw-isb-spec,"255,120",37.982925
6,6,300000,100%,raw-itlb-walk,"1,720",37.982925
6,6,300000,100%,raw-l1d-cache,"10,952,235,973",37.982925
6,6,300000,100%,raw-l1d-cache-allocate,0,37.982925
6,6,300000,100%,raw-l1d-cache-inval,"2,408,350",37.950530
6,6,300000,100%,raw-l1d-cache-lmiss-rd,0,37.950530
6,6,300000,100%,raw-l1d-cache-rd,"8,020,843,112",37.950530
6,6,300000,100%,raw-l1d-cache-refill,"459,514,189",37.950530
6,6,300000,100%,raw-l1d-cache-refill-inner,"306,343,614",37.950530
6,6,300000,100%,raw-l1d-cache-refill-outer,"153,170,575",37.950530
6,6,300000,100%,raw-l1d-cache-refill-rd,"392,481,612",38.004286
6,6,300000,100%,raw-l1d-cache-refill-wr,"67,212,156",38.004286
6,6,300000,100%,raw-l1d-cache-wb,"159,008,949",38.004286
6,6,300000,100%,raw-l1d-cache-wb-clean,"2,066,954",38.004286
6,6,300000,100%,raw-l1d-cache-wb-victim,"156,941,995",38.004286
6,6,300000,100%,raw-l1d-cache-wr,"2,930,840,637",38.004286
6,6,300000,100%,raw-l1d-tlb,"13,073,505,831",37.987143
6,6,300000,100%,raw-l1d-tlb-rd,"9,547,721,248",37.987143
6,6,300000,100%,raw-l1d-tlb-refill,"64,012,967",37.987143
6,6,300000,100%,raw-l1d-tlb-refill-rd,"59,346,326",37.987143
6,6,300000,100%,raw-l1d-tlb-refill-wr,"4,666,641",37.987143
6,6,300000,100%,raw-l1d-tlb-wr,"3,525,784,583",37.987143
6,6,300000,100%,raw-l1i-cache,"6,912,910,294",38.253487
6,6,300000,100%,raw-l1i-cache-lmiss,0,38.253487
6,6,300000,100%,raw-l1i-cache-refill,"6,209,319",38.253487
6,6,300000,100%,raw-l1i-tlb,"4,775,136,101",38.253487
6,6,300000,100%,raw-l1i-tlb-refill,"2,891",38.253487
6,6,300000,100%,raw-l2d-cache,"1,336,863,461",38.253487
6,6,300000,100%,raw-l2d-cache-allocate,"7,012,157",37.931746
6,6,300000,100%,raw-l2d-cache-inval,"527,934",37.931746
6,6,300000,100%,raw-l2d-cache-lmiss-rd,0,37.931746
6,6,300000,100%,raw-l2d-cache-rd,"620,791,301",37.931746
6,6,300000,100%,raw-l2d-cache-refill,"267,045,562",37.931746
6,6,300000,100%,raw-l2d-cache-refill-rd,"267,045,562",37.931746
6,6,300000,100%,raw-l2d-cache-refill-wr,0,37.966205
6,6,300000,100%,raw-l2d-cache-wb,"1,140,745,632",37.966205
6,6,300000,100%,raw-l2d-cache-wb-clean,"2,280,493",37.966205
6,6,300000,100%,raw-l2d-cache-wb-victim,"1,138,465,139",37.966205
6,6,300000,100%,raw-l2d-cache-wr,"712,605,336",37.966205
6,6,300000,100%,raw-l2d-tlb,"65,553,609",37.966205
6,6,300000,100%,raw-l2d-tlb-rd,"60,040,380",37.955854
6,6,300000,100%,raw-l2d-tlb-refill,"5,702,391",37.955854
6,6,300000,100%,raw-l2d-tlb-refill-rd,"5,147,622",37.955854
6,6,300000,100%,raw-l2d-tlb-refill-wr,"554,769",37.955854
6,6,300000,100%,raw-l2d-tlb-wr,"5,592,709",37.955854
6,6,300000,100%,raw-l2i-cache,0,37.955854
6,6,300000,100%,raw-l2i-cache-lmiss,0,37.986124
6,6,300000,100%,raw-l2i-cache-refill,0,37.986124
6,6,300000,100%,raw-l2i-tlb,0,37.986124
6,6,300000,100%,raw-l2i-tlb-refill,0,37.986124
6,6,300000,100%,raw-l3d-cache,"2,295,099,895",37.986124
6,6,300000,100%,raw-l3d-cache-allocate,"1,148,947,628",37.986124
6,6,300000,100%,raw-l3d-cache-inval,0,38.073345
6,6,300000,100%,raw-l3d-cache-lmiss-rd,0,38.073345
6,6,300000,100%,raw-l3d-cache-rd,"1,155,553,468",38.073345
6,6,300000,100%,raw-l3d-cache-refill,"937,076,648",38.073345
6,6,300000,100%,raw-l3d-cache-refill-rd,0,38.073345
6,6,300000,100%,raw-l3d-cache-refill-wr,0,38.073345
6,6,300000,100%,raw-l3d-cache-wb,0,38.064255
6,6,300000,100%,raw-l3d-cache-wb-clean,0,38.064255
6,6,300000,100%,raw-l3d-cache-wb-victim,0,38.064255
6,6,300000,100%,raw-l3d-cache-wr,0,38.064255
6,6,300000,100%,raw-ld-retired,0,38.064255
6,6,300000,100%,raw-ld-spec,"8,030,874,340",38.064255
6,6,300000,100%,raw-ldrex-spec,"243,577",37.958877
6,6,300000,100%,raw-ldst-spec,0,37.958877
6,6,300000,100%,raw-ll-cache,0,37.958877
6,6,300000,100%,raw-ll-cache-miss,0,37.958877
6,6,300000,100%,raw-ll-cache-miss-rd,"890,531,129",37.958877
6,6,300000,100%,raw-ll-cache-rd,"1,141,388,192",37.958877
6,6,300000,100%,raw-mem-access,"10,949,393,897",37.935148
6,6,300000,100%,raw-mem-access-rd,"8,018,548,145",37.935148
6,6,300000,100%,raw-mem-access-wr,"2,930,845,752",37.935148
6,6,300000,100%,raw-memory-error,0,37.935148
6,6,300000,100%,raw-op-retired,0,37.935148
6,6,300000,100%,raw-op-spec,0,37.935148
6,6,300000,100%,raw-pc-write-retired,0,37.987178
6,6,300000,100%,raw-pc-write-spec,"1,569,757,838",37.987178
6,6,300000,100%,raw-rc-ld-spec,"1,784,490",37.987178
6,6,300000,100%,raw-rc-st-spec,"1,775,656",37.987178
6,6,300000,100%,raw-remote-access,0,37.987178
6,6,300000,100%,raw-remote-access-rd,0,37.987178
6,6,300000,100%,raw-sample-collision,0,38.045142
6,6,300000,100%,raw-sample-feed,0,38.045142
6,6,300000,100%,raw-sample-filtrate,0,38.045142
6,6,300000,100%,raw-sample-pop,0,38.045142
6,6,300000,100%,raw-st-retired,0,38.045142
6,6,300000,100%,raw-st-spec,"2,935,214,584",38.045142
6,6,300000,100%,raw-stall,0,37.883443
6,6,300000,100%,raw-stall-backend,"4,082,567,309",37.883443
6,6,300000,100%,raw-stall-backend-mem,0,37.883443
6,6,300000,100%,raw-stall-frontend,"167,770,423",37.883443
6,6,300000,100%,raw-stall-slot,0,37.883443
6,6,300000,100%,raw-stall-slot-backend,0,37.883443
6,6,300000,100%,raw-stall-slot-frontend,0,37.921718
6,6,300000,100%,raw-strex-fail-spec,54,37.921718
6,6,300000,100%,raw-strex-pass-spec,"243,279",37.921718
6,6,300000,100%,raw-strex-spec,"243,333",37.921718
6,6,300000,100%,raw-sve-inst-retired,"2,623",37.921718
6,6,300000,100%,raw-sve-inst-spec,0,37.921718
6,6,300000,100%,raw-sw-incr,0,37.941969
6,6,300000,100%,raw-ttbr-write-retired,6,37.941969
6,6,300000,100%,raw-unaligned-ld-spec,"61,434",37.941969
6,6,300000,100%,raw-unaligned-ldst-retired,0,37.941969
6,6,300000,100%,raw-unaligned-ldst-spec,"173,112",37.941969
6,6,300000,100%,raw-unaligned-st-spec,"111,678",37.941969
6,6,300000,100%,raw-vfp-spec,"6,790,376,267",38.181197
6,6,1324800,100%,raw-ase-spec,"450,279",14.903739
6,6,1324800,100%,raw-br-immed-retired,0,14.903739
6,6,1324800,100%,raw-br-immed-spec,"1,839,806,258",14.903739
6,6,1324800,100%,raw-br-indirect-spec,"202,514,056",14.903739
6,6,1324800,100%,raw-br-mis-pred,"1,133,113",14.903739
6,6,1324800,100%,raw-br-mis-pred-retired,"1,296,705",14.903739
6,6,1324800,100%,raw-br-pred,"2,042,563,606",15.059322
6,6,1324800,100%,raw-br-retired,"2,036,785,571",15.059322
6,6,1324800,100%,raw-br-return-retired,0,15.059322
6,6,1324800,100%,raw-br-return-spec,"201,508,711",15.059322
6,6,1324800,100%,raw-bus-access,"9,855,010,833",15.059322
6,6,1324800,100%,raw-bus-access-normal,0,15.059322
6,6,1324800,100%,raw-bus-access-not-shared,0,14.687654
6,6,1324800,100%,raw-bus-access-periph,0,14.687654
6,6,1324800,100%,raw-bus-access-rd,"4,579,670,391",14.687654
6,6,1324800,100%,raw-bus-access-shared,0,14.687654
6,6,1324800,100%,raw-bus-access-wr,"4,836,024,463",14.687654
6,6,1324800,100%,raw-bus-cycles,"19,444,735,691",14.687654
6,6,1324800,100%,raw-cid-write-retired,1,14.523974
6,6,1324800,100%,raw-cnt-cycles,0,14.523974
6,6,1324800,100%,raw-cpu-cycles,"19,228,672,284",14.523974
6,6,1324800,100%,raw-crypto-spec,0,14.523974
6,6,1324800,100%,raw-dmb-spec,"489,993",14.523974
6,6,1324800,100%,raw-dp-spec,"6,827,012,665",14.619670
6,6,1324800,100%,raw-dsb-spec,"35,495",14.619670
6,6,1324800,100%,raw-dtlb-walk,"4,496,445",14.619670
6,6,1324800,100%,raw-exc-dabort,"225,872",14.619670
6,6,1324800,100%,raw-exc-fiq,0,14.619670
6,6,1324800,100%,raw-exc-hvc,0,14.619670
6,6,1324800,100%,raw-exc-irq,"5,918",14.760984
6,6,1324800,100%,raw-exc-pabort,52,14.760984
6,6,1324800,100%,raw-exc-return,"239,087",14.760984
6,6,1324800,100%,raw-exc-smc,0,14.760984
6,6,1324800,100%,raw-exc-svc,"7,245",14.760984
6,6,1324800,100%,raw-exc-taken,"239,089",14.760984
6,6,1324800,100%,raw-exc-trap-dabort,0,14.742890
6,6,1324800,100%,raw-exc-trap-fiq,2,14.742890
6,6,1324800,100%,raw-exc-trap-irq,0,14.742890
6,6,1324800,100%,raw-exc-trap-other,2,14.742890
6,6,1324800,100%,raw-exc-trap-pabort,0,14.742890
6,6,1324800,100%,raw-exc-undef,112,14.742890
6,6,1324800,100%,raw-inst-retired,"26,472,012,878",14.692486
6,6,1324800,100%,raw-inst-spec,"26,551,837,661",14.692486
6,6,1324800,100%,raw-isb-spec,"94,972",14.692486
6,6,1324800,100%,raw-itlb-walk,"1,497",14.692486
6,6,1324800,100%,raw-l1d-cache,"10,919,642,762",14.692486
6,6,1324800,100%,raw-l1d-cache-allocate,0,14.692486
6,6,1324800,100%,raw-l1d-cache-inval,"2,380,659",14.767163
6,6,1324800,100%,raw-l1d-cache-lmiss-rd,0,14.767163
6,6,1324800,100%,raw-l1d-cache-rd,"7,996,296,549",14.767163
6,6,1324800,100%,raw-l1d-cache-refill,"458,054,858",14.767163
6,6,1324800,100%,raw-l1d-cache-refill-inner,"293,060,749",14.767163
6,6,1324800,100%,raw-l1d-cache-refill-outer,"164,994,109",14.767163
6,6,1324800,100%,raw-l1d-cache-refill-rd,"391,635,941",14.730625
6,6,1324800,100%,raw-l1d-cache-refill-wr,"66,650,321",14.730625
6,6,1324800,100%,raw-l1d-cache-wb,"157,738,002",14.730625
6,6,1324800,100%,raw-l1d-cache-wb-clean,"1,998,430",14.730625
6,6,1324800,100%,raw-l1d-cache-wb-victim,"155,739,572",14.730625
6,6,1324800,100%,raw-l1d-cache-wr,"2,919,664,615",14.730625
6,6,1324800,100%,raw-l1d-tlb,"13,811,380,986",14.712078
6,6,1324800,100%,raw-l1d-tlb-rd,"10,238,802,650",14.712078
6,6,1324800,100%,raw-l1d-tlb-refill,"63,763,492",14.712078
6,6,1324800,100%,raw-l1d-tlb-refill-rd,"59,216,479",14.712078
6,6,1324800,100%,raw-l1d-tlb-refill-wr,"4,547,013",14.712078
6,6,1324800,100%,raw-l1d-tlb-wr,"3,572,578,336",14.712078
6,6,1324800,100%,raw-l1i-cache,"6,881,322,730",14.986507
6,6,1324800,100%,raw-l1i-cache-lmiss,0,14.986507
6,6,1324800,100%,raw-l1i-cache-refill,"2,780,089",14.986507
6,6,1324800,100%,raw-l1i-tlb,"4,752,805,911",14.986507
6,6,1324800,100%,raw-l1i-tlb-refill,"2,641",14.986507
6,6,1324800,100%,raw-l2d-cache,"1,327,164,267",14.986507
6,6,1324800,100%,raw-l2d-cache-allocate,"6,065,059",15.096250
6,6,1324800,100%,raw-l2d-cache-inval,"51,198",15.096250
6,6,1324800,100%,raw-l2d-cache-lmiss-rd,0,15.096250
6,6,1324800,100%,raw-l2d-cache-rd,"616,015,257",15.096250
6,6,1324800,100%,raw-l2d-cache-refill,"267,769,368",15.096250
6,6,1324800,100%,raw-l2d-cache-refill-rd,"267,769,368",15.096250
6,6,1324800,100%,raw-l2d-cache-refill-wr,0,14.728392
6,6,1324800,100%,raw-l2d-cache-wb,"1,136,012,704",14.728392
6,6,1324800,100%,raw-l2d-cache-wb-clean,"353,876",14.728392
6,6,1324800,100%,raw-l2d-cache-wb-victim,"1,135,658,828",14.728392
6,6,1324800,100%,raw-l2d-cache-wr,"709,722,817",14.728392
6,6,1324800,100%,raw-l2d-tlb,"65,730,683",14.728392
6,6,1324800,100%,raw-l2d-tlb-rd,"59,941,215",14.716951
6,6,1324800,100%,raw-l2d-tlb-refill,"5,532,394",14.716951
6,6,1324800,100%,raw-l2d-tlb-refill-rd,"4,973,208",14.716951
6,6,1324800,100%,raw-l2d-tlb-refill-wr,"559,186",14.716951
6,6,1324800,100%,raw-l2d-tlb-wr,"5,684,398",14.716951
6,6,1324800,100%,raw-l2i-cache,0,14.716951
6,6,1324800,100%,raw-l2i-cache-lmiss,0,14.771583
6,6,1324800,100%,raw-l2i-cache-refill,0,14.771583
6,6,1324800,100%,raw-l2i-tlb,0,14.771583
6,6,1324800,100%,raw-l2i-tlb-refill,0,14.771583
6,6,1324800,100%,raw-l3d-cache,"2,278,027,870",14.771583
6,6,1324800,100%,raw-l3d-cache-allocate,"1,139,458,213",14.771583
6,6,1324800,100%,raw-l3d-cache-inval,0,15.207304
6,6,1324800,100%,raw-l3d-cache-lmiss-rd,0,15.207304
6,6,1324800,100%,raw-l3d-cache-rd,"1,154,265,457",15.207304
6,6,1324800,100%,raw-l3d-cache-refill,"924,620,067",15.207304
6,6,1324800,100%,raw-l3d-cache-refill-rd,0,15.207304
6,6,1324800,100%,raw-l3d-cache-refill-wr,0,15.207304
6,6,1324800,100%,raw-l3d-cache-wb,0,14.795618
6,6,1324800,100%,raw-l3d-cache-wb-clean,0,14.795618
6,6,1324800,100%,raw-l3d-cache-wb-victim,0,14.795618
6,6,1324800,100%,raw-l3d-cache-wr,0,14.795618
6,6,1324800,100%,raw-ld-retired,0,14.795618
6,6,1324800,100%,raw-ld-spec,"8,011,511,299",14.795618
6,6,1324800,100%,raw-ldrex-spec,"243,545",14.992481
6,6,1324800,100%,raw-ldst-spec,0,14.992481
6,6,1324800,100%,raw-ll-cache,0,14.992481
6,6,1324800,100%,raw-ll-cache-miss,0,14.992481
6,6,1324800,100%,raw-ll-cache-miss-rd,"908,388,175",14.992481
6,6,1324800,100%,raw-ll-cache-rd,"1,152,987,228",14.992481
6,6,1324800,100%,raw-mem-access,"10,922,476,690",14.735280
6,6,1324800,100%,raw-mem-access-rd,"8,000,734,340",14.735280
6,6,1324800,100%,raw-mem-access-wr,"2,921,742,350",14.735280
6,6,1324800,100%,raw-memory-error,0,14.735280
6,6,1324800,100%,raw-op-retired,0,14.735280
6,6,1324800,100%,raw-op-spec,0,14.735280
6,6,1324800,100%,raw-pc-write-retired,0,14.696910
6,6,1324800,100%,raw-pc-write-spec,"1,562,658,731",14.696910
6,6,1324800,100%,raw-rc-ld-spec,"1,602,146",14.696910
6,6,1324800,100%,raw-rc-st-spec,"1,592,370",14.696910
6,6,1324800,100%,raw-remote-access,0,14.696910
6,6,1324800,100%,raw-remote-access-rd,0,14.696910
6,6,1324800,100%,raw-sample-collision,0,14.718684
6,6,1324800,100%,raw-sample-feed,0,14.718684
6,6,1324800,100%,raw-sample-filtrate,0,14.718684
6,6,1324800,100%,raw-sample-pop,0,14.718684
6,6,1324800,100%,raw-st-retired,0,14.718684
6,6,1324800,100%,raw-st-spec,"2,925,967,566",14.718684
6,6,1324800,100%,raw-stall,0,14.744800
6,6,1324800,100%,raw-stall-backend,"12,109,899,173",14.744800
6,6,1324800,100%,raw-stall-backend-mem,0,14.744800
6,6,1324800,100%,raw-stall-frontend,"244,462,370",14.744800
6,6,1324800,100%,raw-stall-slot,0,14.744800
6,6,1324800,100%,raw-stall-slot-backend,0,14.744800
6,6,1324800,100%,raw-stall-slot-frontend,0,14.808640
6,6,1324800,100%,raw-strex-fail-spec,52,14.808640
6,6,1324800,100%,raw-strex-pass-spec,"243,278",14.808640
6,6,1324800,100%,raw-strex-spec,"243,330",14.808640
6,6,1324800,100%,raw-sve-inst-retired,"2,484",14.808640
6,6,1324800,100%,raw-sve-inst-spec,0,14.808640
6,6,1324800,100%,raw-sw-incr,0,14.947233
6,6,1324800,100%,raw-ttbr-write-retired,6,14.947233
6,6,1324800,100%,raw-unaligned-ld-spec,"60,475",14.947233
6,6,1324800,100%,raw-unaligned-ldst-retired,0,14.947233
6,6,1324800,100%,raw-unaligned-ldst-spec,"164,445",14.947233
6,6,1324800,100%,raw-unaligned-st-spec,"103,970",14.947233
6,6,1324800,100%,raw-vfp-spec,"6,790,259,439",14.953257
6,6,2208000,100%,raw-ase-spec,"450,136",13.608817
6,6,2208000,100%,raw-br-immed-retired,0,13.608817
6,6,2208000,100%,raw-br-immed-spec,"1,840,913,490",13.608817
6,6,2208000,100%,raw-br-indirect-spec,"202,978,090",13.608817
6,6,2208000,100%,raw-br-mis-pred,"1,216,895",13.608817
6,6,2208000,100%,raw-br-mis-pred-retired,"1,369,064",13.608817
6,6,2208000,100%,raw-br-pred,"2,042,682,871",13.690758
6,6,2208000,100%,raw-br-retired,"2,036,951,956",13.690758
6,6,2208000,100%,raw-br-return-retired,0,13.690758
6,6,2208000,100%,raw-br-return-spec,"201,533,678",13.690758
6,6,2208000,100%,raw-bus-access,"9,512,356,362",13.690758
6,6,2208000,100%,raw-bus-access-normal,0,13.690758
6,6,2208000,100%,raw-bus-access-not-shared,0,13.660533
6,6,2208000,100%,raw-bus-access-periph,0,13.660533
6,6,2208000,100%,raw-bus-access-rd,"4,625,308,022",13.660533
6,6,2208000,100%,raw-bus-access-shared,0,13.660533
6,6,2208000,100%,raw-bus-access-wr,"4,881,529,419",13.660533
6,6,2208000,100%,raw-bus-cycles,"23,260,689,266",13.660533
6,6,2208000,100%,raw-cid-write-retired,1,13.885432
6,6,2208000,100%,raw-cnt-cycles,0,13.885432
6,6,2208000,100%,raw-cpu-cycles,"23,643,904,825",13.885432
6,6,2208000,100%,raw-crypto-spec,0,13.885432
6,6,2208000,100%,raw-dmb-spec,"485,275",13.885432
6,6,2208000,100%,raw-dp-spec,"6,832,144,958",13.692622
6,6,2208000,100%,raw-dsb-spec,"32,120",13.692622
6,6,2208000,100%,raw-dtlb-walk,"5,773,791",13.692622
6,6,2208000,100%,raw-exc-dabort,"225,871",13.692622
6,6,2208000,100%,raw-exc-fiq,0,13.692622
6,6,2208000,100%,raw-exc-hvc,0,13.692622
6,6,2208000,100%,raw-exc-irq,"5,482",13.673469
6,6,2208000,100%,raw-exc-pabort,53,13.673469
6,6,2208000,100%,raw-exc-return,"238,657",13.673469
6,6,2208000,100%,raw-exc-smc,0,13.673469
6,6,2208000,100%,raw-exc-svc,"7,245",13.673469
6,6,2208000,100%,raw-exc-taken,"238,659",13.673469
6,6,2208000,100%,raw-exc-trap-dabort,0,13.422776
6,6,2208000,100%,raw-exc-trap-fiq,1,13.422776
6,6,2208000,100%,raw-exc-trap-irq,0,13.422776
6,6,2208000,100%,raw-exc-trap-other,2,13.422776
6,6,2208000,100%,raw-exc-trap-pabort,0,13.422776
6,6,2208000,100%,raw-exc-undef,7,13.422776
6,6,2208000,100%,raw-inst-retired,"26,474,721,608",13.839960
6,6,2208000,100%,raw-inst-spec,"26,552,210,271",13.839960
6,6,2208000,100%,raw-isb-spec,"90,228",13.839960
6,6,2208000,100%,raw-itlb-walk,"1,504",13.839960
6,6,2208000,100%,raw-l1d-cache,"10,920,358,974",13.839960
6,6,2208000,100%,raw-l1d-cache-allocate,0,13.839960
6,6,2208000,100%,raw-l1d-cache-inval,"2,989,512",13.538289
6,6,2208000,100%,raw-l1d-cache-lmiss-rd,0,13.538289
6,6,2208000,100%,raw-l1d-cache-rd,"7,999,014,122",13.538289
6,6,2208000,100%,raw-l1d-cache-refill,"459,143,221",13.538289
6,6,2208000,100%,raw-l1d-cache-refill-inner,"295,911,929",13.538289
6,6,2208000,100%,raw-l1d-cache-refill-outer,"163,231,292",13.538289
6,6,2208000,100%,raw-l1d-cache-refill-rd,"391,817,932",14.459929
6,6,2208000,100%,raw-l1d-cache-refill-wr,"66,720,106",14.459929
6,6,2208000,100%,raw-l1d-cache-wb,"157,911,361",14.459929
6,6,2208000,100%,raw-l1d-cache-wb-clean,"2,035,888",14.459929
6,6,2208000,100%,raw-l1d-cache-wb-victim,"155,875,473",14.459929
6,6,2208000,100%,raw-l1d-cache-wr,"2,920,806,775",14.459929
6,6,2208000,100%,raw-l1d-tlb,"13,793,678,864",14.758437
6,6,2208000,100%,raw-l1d-tlb-rd,"10,211,972,315",14.758437
6,6,2208000,100%,raw-l1d-tlb-refill,"63,830,616",14.758437
6,6,2208000,100%,raw-l1d-tlb-refill-rd,"59,259,568",14.758437
6,6,2208000,100%,raw-l1d-tlb-refill-wr,"4,571,048",14.758437
6,6,2208000,100%,raw-l1d-tlb-wr,"3,581,706,549",14.758437
6,6,2208000,100%,raw-l1i-cache,"6,880,902,358",13.790833
6,6,2208000,100%,raw-l1i-cache-lmiss,0,13.790833
6,6,2208000,100%,raw-l1i-cache-refill,"2,591,577",13.790833
6,6,2208000,100%,raw-l1i-tlb,"4,752,048,901",13.790833
6,6,2208000,100%,raw-l1i-tlb-refill,"2,493",13.790833
6,6,2208000,100%,raw-l2d-cache,"1,325,047,694",13.790833
6,6,2208000,100%,raw-l2d-cache-allocate,"6,207,205",14.374960
6,6,2208000,100%,raw-l2d-cache-inval,"51,722",14.374960
6,6,2208000,100%,raw-l2d-cache-lmiss-rd,0,14.374960
6,6,2208000,100%,raw-l2d-cache-rd,"613,867,297",14.374960
6,6,2208000,100%,raw-l2d-cache-refill,"259,729,949",14.374960
6,6,2208000,100%,raw-l2d-cache-refill-rd,"259,729,949",14.374960
6,6,2208000,100%,raw-l2d-cache-refill-wr,0,14.718356
6,6,2208000,100%,raw-l2d-cache-wb,"1,131,337,338",14.718356
6,6,2208000,100%,raw-l2d-cache-wb-clean,"637,211",14.718356
6,6,2208000,100%,raw-l2d-cache-wb-victim,"1,130,700,127",14.718356
6,6,2208000,100%,raw-l2d-cache-wr,"710,681,997",14.718356
6,6,2208000,100%,raw-l2d-tlb,"65,668,025",14.718356
6,6,2208000,100%,raw-l2d-tlb-rd,"60,011,381",14.737678
6,6,2208000,100%,raw-l2d-tlb-refill,"5,657,738",14.737678
6,6,2208000,100%,raw-l2d-tlb-refill-rd,"5,135,181",14.737678
6,6,2208000,100%,raw-l2d-tlb-refill-wr,"522,557",14.737678
6,6,2208000,100%,raw-l2d-tlb-wr,"5,680,062",14.737678
6,6,2208000,100%,raw-l2i-cache,0,14.737678
6,6,2208000,100%,raw-l2i-cache-lmiss,0,14.972444
6,6,2208000,100%,raw-l2i-cache-refill,0,14.972444
6,6,2208000,100%,raw-l2i-tlb,0,14.972444
6,6,2208000,100%,raw-l2i-tlb-refill,0,14.972444
6,6,2208000,100%,raw-l3d-cache,"2,298,235,020",14.972444
6,6,2208000,100%,raw-l3d-cache-allocate,"1,148,913,454",14.972444
6,6,2208000,100%,raw-l3d-cache-inval,0,14.936187
6,6,2208000,100%,raw-l3d-cache-lmiss-rd,0,14.936187
6,6,2208000,100%,raw-l3d-cache-rd,"1,147,964,930",14.936187
6,6,2208000,100%,raw-l3d-cache-refill,"948,662,281",14.936187
6,6,2208000,100%,raw-l3d-cache-refill-rd,0,14.936187
6,6,2208000,100%,raw-l3d-cache-refill-wr,0,14.936187
6,6,2208000,100%,raw-l3d-cache-wb,0,14.982627
6,6,2208000,100%,raw-l3d-cache-wb-clean,0,14.982627
6,6,2208000,100%,raw-l3d-cache-wb-victim,0,14.982627
6,6,2208000,100%,raw-l3d-cache-wr,0,14.982627
6,6,2208000,100%,raw-ld-retired,0,14.982627
6,6,2208000,100%,raw-ld-spec,"8,012,549,409",14.982627
6,6,2208000,100%,raw-ldrex-spec,"243,612",15.214859
6,6,2208000,100%,raw-ldst-spec,0,15.214859
6,6,2208000,100%,raw-ll-cache,0,15.214859
6,6,2208000,100%,raw-ll-cache-miss,0,15.214859
6,6,2208000,100%,raw-ll-cache-miss-rd,"921,842,530",15.214859
6,6,2208000,100%,raw-ll-cache-rd,"1,146,850,079",15.214859
6,6,2208000,100%,raw-mem-access,"10,922,475,163",14.774487
6,6,2208000,100%,raw-mem-access-rd,"8,000,979,256",14.774487
6,6,2208000,100%,raw-mem-access-wr,"2,921,495,907",14.774487
6,6,2208000,100%,raw-memory-error,0,14.774487
6,6,2208000,100%,raw-op-retired,0,14.774487
6,6,2208000,100%,raw-op-spec,0,14.774487
6,6,2208000,100%,raw-pc-write-retired,0,14.739003
6,6,2208000,100%,raw-pc-write-spec,"1,563,376,880",14.739003
6,6,2208000,100%,raw-rc-ld-spec,"1,618,365",14.739003
6,6,2208000,100%,raw-rc-st-spec,"1,605,828",14.739003
6,6,2208000,100%,raw-remote-access,0,14.739003
6,6,2208000,100%,raw-remote-access-rd,0,14.739003
6,6,2208000,100%,raw-sample-collision,0,14.715902
6,6,2208000,100%,raw-sample-feed,0,14.715902
6,6,2208000,100%,raw-sample-filtrate,0,14.715902
6,6,2208000,100%,raw-sample-pop,0,14.715902
6,6,2208000,100%,raw-st-retired,0,14.715902
6,6,2208000,100%,raw-st-spec,"2,926,228,802",14.715902
6,6,2208000,100%,raw-stall,0,14.759752
6,6,2208000,100%,raw-stall-backend,"12,119,214,855",14.759752
6,6,2208000,100%,raw-stall-backend-mem,0,14.759752
6,6,2208000,100%,raw-stall-frontend,"254,238,711",14.759752
6,6,2208000,100%,raw-stall-slot,0,14.759752
6,6,2208000,100%,raw-stall-slot-backend,0,14.759752
6,6,2208000,100%,raw-stall-slot-frontend,0,15.032174
6,6,2208000,100%,raw-strex-fail-spec,57,15.032174
6,6,2208000,100%,raw-strex-pass-spec,"243,292",15.032174
6,6,2208000,100%,raw-strex-spec,"243,349",15.032174
6,6,2208000,100%,raw-sve-inst-retired,"2,550",15.032174
6,6,2208000,100%,raw-sve-inst-spec,0,15.032174
6,6,2208000,100%,raw-sw-incr,0,14.675480
6,6,2208000,100%,raw-ttbr-write-retired,6,14.675480
6,6,2208000,100%,raw-unaligned-ld-spec,"60,620",14.675480
6,6,2208000,100%,raw-unaligned-ldst-retired,0,14.675480
6,6,2208000,100%,raw-unaligned-ldst-spec,"168,346",14.675480
6,6,2208000,100%,raw-unaligned-st-spec,"107,726",14.675480
6,6,2208000,100%,raw-vfp-spec,"6,790,166,252",14.638421
